600041,2,0.7614140510559082,200,True,first page loading
600041,2,1.8970799446105957,200,True,KU input

,0.777738094329834,200,True,first page loading
663409,1,3.845762252807617,200,True,KU input
663409,2,12.595944166183472,200,True,first page loading
663409,2,2.754382848739624,200,True,KU input
663409,2,0.6592738628387451,200,False,LV input
663409,1,24.075396060943604,200,True,LV input
663409,1,2.287505865097046,200,True,ground detail opened
663409,1,4.776443243026733,200,True,ground detail opened
663409,1,6.098154067993164,200,True,ground detail opened
663409,1,4.385252237319946,200,True,ground detail opened
663409,1,9.125994205474854,200,True,ground detail opened
663409,1,2.8758862018585205,200,True,ground detail opened
663409,1,13.406213998794556,200,True,ground detail opened
663409,1,8.698298692703247,200,True,ground detail opened
663409,1,16.576084852218628,200,True,ground detail opened
663409,1,15.423304796218872,200,True,ground detail opened
663409,1,18.641546964645386,200,True,ground detail opened
663409,1,7.580156087875366,200,True,ground detail opened
663409,1,4.71711802482605,200,True,ground detail opened
663409,1,5.451889991760254,200,True,ground detail opened
663409,1,3.1301021575927734,200,True,ground detail opened
663409,1,14.051584959030151,200,True,ground detail opened
663409,1,4.313464164733887,200,True,ground detail opened
663409,1,4.426648855209351,200,True,ground detail opened
663409,1,3.7299141883850098,200,True,ground detail opened
663409,1,3.026383876800537,200,True,ground detail opened
663409,1,2.8642349243164062,200,True,ground detail opened
663409,1,2.104247808456421,200,True,ground detail opened
663409,1,2.495537042617798,200,True,ground detail opened
663409,1,3.247243881225586,200,True,ground detail opened
663409,1,5.04227614402771,200,True,ground detail opened
663409,1,5.030616760253906,200,True,ground detail opened
663409,1,3.480408191680908,200,True,ground detail opened
663409,1,5.1790947914123535,200,True,ground detail opened
663409,1,4.293844223022461,200,True,ground detail opened
663409,1,1.364729881286621,200,True,ground detail opened
663409,1,37.04402208328247,200,True,ground detail opened
600041,1,3.7275540828704834,200,True,first page loading
663409,1,2.161165714263916,200,True,ground detail opened
663409,1,2.8061418533325195,200,True,ground detail opened
663409,1,2.518825054168701,200,True,ground detail opened
600041,2,0.6791031360626221,200,False,LV input
663409,1,2.352431058883667,200,True,ground detail opened
600041,1,2.7623977661132812,200,True,KU input
600041,1,2.4216177463531494,200,False,LV input
600032,1,0.5150411128997803,200,True,first page loading
771473,7,0.7234551906585693,200,True,first page loading
600083,1,0.5983459949493408,200,True,first page loading
601756,8,0.7408649921417236,200,True,first page loading
663409,7,0.9471640586853027,200,True,first page loading
600075,4,0.941504955291748,200,True,first page loading
702919,8,0.9944651126861572,200,True,first page loading
771473,1,1.513927936553955,200,True,first page loading
600041,8,1.7086899280548096,200,True,first page loading
600075,9,2.3231217861175537,200,True,first page loading
917923,9,2.4178617000579834,200,True,first page loading
917923,4,2.480833053588867,200,True,first page loading
917923,1,2.537903070449829,200,True,first page loading
702919,5,3.1091060638427734,200,True,first page loading
600041,3,3.169543981552124,200,True,first page loading
917923,4,0.725243330001831,200,True,KU input
771473,6,3.427700996398926,200,True,first page loading
771473,4,3.788022994995117,200,True,first page loading
663409,2,3.850519895553589,200,True,first page loading
600041,4,3.962844133377075,200,True,first page loading
600075,3,3.925590991973877,200,True,first page loading
702919,7,4.0813140869140625,200,True,first page loading
600032,5,4.323698043823242,200,True,first page loading
917923,3,4.458086013793945,200,True,first page loading
600032,3,4.650411128997803,200,True,first page loading
702919,7,0.45928502082824707,200,True,KU input
771473,6,1.1744649410247803,200,True,KU input
917923,3,0.7316720485687256,200,True,KU input
601756,6,5.760822057723999,200,True,first page loading
691003,8,3.155010938644409,200,True,first page loading
600032,2,6.294306755065918,200,True,first page loading
600041,4,0.6854748725891113,200,True,KU input
771473,3,6.49732518196106,200,True,first page loading
600083,5,6.569630861282349,200,True,first page loading
600032,8,6.620028018951416,200,True,first page loading
771473,2,7.484330177307129,200,True,first page loading
702919,5,0.9473421573638916,200,True,KU input
663409,6,8.27268099784851,200,True,first page loading
691003,2,8.446814060211182,200,True,first page loading
600075,4,7.395087003707886,200,True,KU input
702919,2,8.89306378364563,200,True,first page loading
771473,4,5.148815155029297,200,True,KU input
600032,9,7.840583324432373,200,True,first page loading
702919,2,1.1193149089813232,200,True,KU input
600032,5,6.107854127883911,200,True,KU input
600032,9,0.9434421062469482,200,True,KU input
600032,6,11.166543960571289,200,True,first page loading
702919,2,1.046597957611084,200,False,LV input
691003,1,11.591428995132446,200,True,first page loading
601756,1,4.658538103103638,200,True,first page loading
702919,1,0.6889681816101074,200,True,first page loading
600032,3,7.085934162139893,200,True,KU input
600083,4,8.053017139434814,200,True,first page loading
917923,1,5.294288158416748,200,True,KU input
601756,1,0.8993401527404785,200,True,KU input
601756,1,0.28922510147094727,200,False,LV input
600041,5,13.201456069946289,200,True,first page loading
600032,1,12.674427032470703,200,True,KU input
663409,2,9.457566976547241,200,True,KU input
600032,5,2.3409881591796875,200,True,LV input
691003,4,14.606419801712036,200,True,first page loading
771473,2,1.365889072418213,200,True,KU input
663409,2,1.784346103668213,200,False,LV input
601756,2,8.232959985733032,200,True,first page loading
600032,5,1.9850959777832031,200,True,ground detail opened
917923,3,6.9450249671936035,200,True,LV input
663409,4,15.628630876541138,200,True,first page loading
600032,5,3.666049003601074,200,True,ground detail opened
600075,2,19.34681797027588,200,True,first page loading
663409,1,19.799407243728638,200,True,first page loading
600041,4,13.409149885177612,200,False,LV input
600083,2,4.88801383972168,200,True,first page loading
663409,7,8.376005172729492,200,True,KU input
917923,6,21.356425046920776,200,True,first page loading
601756,9,21.7411789894104,200,True,first page loading
601756,4,8.426367998123169,200,True,first page loading
771473,2,6.923378944396973,200,False,LV input
771473,6,3.898071050643921,200,False,LV input
663409,6,15.02060079574585,200,True,KU input
691003,2,15.157054901123047,200,True,KU input
600032,5,8.87764286994934,200,True,ground detail opened
663409,1,4.6505091190338135,200,True,KU input
702919,7,1.6432006359100342,200,True,LV input
600032,9,11.633492946624756,200,True,LV input
691003,1,19.254847049713135,200,True,KU input
917923,6,7.794125080108643,200,True,KU input
600032,9,2.388641834259033,200,True,ground detail opened
691003,4,0.6368310451507568,200,True,KU input
663409,4,16.077789068222046,200,True,KU input
601756,5,34.795475006103516,200,True,first page loading
601756,4,10.7086660861969,200,True,KU input
702919,1,7.695805072784424,200,True,KU input
600032,9,5.4550089836120605,200,True,ground detail opened
600075,4,5.960389852523804,200,True,LV input
702919,1,1.134227991104126,200,False,LV input
702919,7,8.575868844985962,200,True,ground detail opened
663409,4,1.1058859825134277,200,False,LV input
600075,2,18.350414037704468,200,True,KU input
600075,2,9.872932195663452,200,False,LV input
601756,5,21.82684898376465,200,True,KU input
600075,4,2.63935923576355,200,True,ground detail opened
917923,7,0.6404359340667725,200,True,first page loading
771473,9,1.3166258335113525,200,True,first page loading
600032,4,1.644564151763916,200,True,first page loading
600075,1,3.5361368656158447,200,True,first page loading
917923,7,3.93434476852417,200,True,KU input
601756,2,1.2963910102844238,200,True,KU input
917923,1,3.2675251960754395,200,True,ground detail opened
917923,1,4.864195823669434,200,True,ground detail opened
600032,8,20.281548738479614,200,True,KU input
663409,1,4.120816946029663,200,True,ground detail opened
601756,9,0.5100200176239014,200,True,KU input
702919,3,3.294968843460083,200,True,first page loading
600032,7,4.415853977203369,200,True,first page loading
600075,5,4.664328098297119,200,True,first page loading
663409,3,5.166424751281738,200,True,first page loading
600032,4,9.387639999389648,200,True,KU input
600032,7,8.385298252105713,200,True,KU input
600075,5,11.004239082336426,200,True,KU input
600032,4,5.847532749176025,200,True,LV input
600075,5,5.285200119018555,200,True,LV input
663409,7,2.626448154449463,200,False,LV input
917923,2,1.0247328281402588,200,True,first page loading
600075,5,4.254333019256592,200,True,ground detail opened
917923,3,7.217648983001709,200,True,ground detail opened
702919,7,1.8597300052642822,200,True,ground detail opened
600075,5,5.845284700393677,200,True,ground detail opened
771473,7,3.8190550804138184,200,True,KU input
600041,6,1.0565929412841797,200,True,first page loading
600083,6,5.607742071151733,200,True,first page loading
691003,8,0.7991421222686768,200,True,KU input
917923,2,10.810824871063232,200,True,KU input
600083,6,9.257304906845093,200,True,KU input
702919,9,18.80055284500122,200,True,first page loading
600083,6,4.370474100112915,200,False,LV input
600032,4,7.425770998001099,200,True,ground detail opened
600075,5,6.158345937728882,200,True,ground detail opened
702919,6,24.575755834579468,200,True,first page loading
600032,1,18.143756866455078,200,True,LV input
600032,1,2.039052963256836,200,True,ground detail opened
600032,1,4.039352178573608,200,True,ground detail opened
600032,1,5.022397994995117,200,True,ground detail opened
600032,1,7.084118843078613,200,True,ground detail opened
600032,1,8.175720930099487,200,True,ground detail opened
600032,1,6.177146911621094,200,True,ground detail opened
600032,1,6.563758850097656,200,True,ground detail opened
600032,1,3.1154961585998535,200,True,ground detail opened
600032,1,14.536726951599121,200,True,ground detail opened
600032,1,11.451183795928955,200,True,ground detail opened
600032,1,3.4127981662750244,200,True,ground detail opened
600032,1,2.850842237472534,200,True,ground detail opened
600032,1,23.24095582962036,200,True,ground detail opened
600032,1,26.250536918640137,200,True,ground detail opened
600032,1,7.110476016998291,200,True,ground detail opened
600032,1,6.128671169281006,200,True,ground detail opened
600032,1,6.1029372215271,200,True,ground detail opened
600075,5,70.37980914115906,200,True,ground detail opened
600032,1,7.762279272079468,200,True,ground detail opened
600032,4,3.302677869796753,200,True,ground detail opened
600032,1,10.913578987121582,200,True,ground detail opened
771473,7,4.888849973678589,200,False,LV input
600083,9,0.6458120346069336,200,True,first page loading
917923,2,2.7222328186035156,200,False,LV input
771473,5,20.728456258773804,200,True,first page loading
600083,2,3.704376220703125,200,True,KU input
771473,5,5.540082931518555,200,True,KU input
702919,7,4.003584861755371,200,True,ground detail opened
600032,1,10.404040813446045,200,True,ground detail opened
600032,1,1.82489013671875,200,True,ground detail opened
600032,1,2.642232894897461,200,True,ground detail opened
600032,1,3.441009998321533,200,True,ground detail opened
600032,1,3.379534959793091,200,True,ground detail opened
600032,1,3.438319683074951,200,True,ground detail opened
600032,1,7.5635247230529785,200,True,ground detail opened
600032,1,2.4662880897521973,200,True,ground detail opened
600032,1,8.521075963973999,200,True,ground detail opened
663409,3,5.857033967971802,200,True,KU input
600032,1,6.217900037765503,200,True,ground detail opened
600032,1,11.88468623161316,200,True,ground detail opened
600032,1,1.6059787273406982,200,True,ground detail opened
600032,1,2.192776918411255,200,True,ground detail opened
600032,1,6.796044826507568,200,True,ground detail opened
600032,1,9.890305042266846,200,True,ground detail opened
600032,1,3.339570999145508,200,True,ground detail opened
600032,1,8.398505926132202,200,True,ground detail opened
600032,1,3.725432872772217,200,True,ground detail opened
600032,1,1.6636340618133545,200,True,ground detail opened
600032,1,21.089449882507324,200,True,ground detail opened
600032,1,2.2983310222625732,200,True,ground detail opened
702919,8,1.7171449661254883,200,True,KU input
600032,1,40.00330209732056,200,True,ground detail opened
600032,1,7.758817911148071,200,True,ground detail opened
600041,6,5.916563987731934,200,True,KU input
600032,1,3.4496448040008545,200,True,ground detail opened
917923,9,2.5485000610351562,200,True,KU input
600032,1,2.230706214904785,200,True,ground detail opened
600032,1,1.4249389171600342,200,True,ground detail opened
600032,1,2.301154851913452,200,True,ground detail opened
600032,7,1.3067238330841064,200,False,LV input
600032,1,11.765953779220581,200,True,ground detail opened
600032,1,4.069894790649414,200,True,ground detail opened
917923,4,11.804862022399902,200,True,LV input
600032,1,2.340224027633667,200,True,ground detail opened
600032,1,6.38713812828064,200,True,ground detail opened
917923,4,2.754344940185547,200,True,ground detail opened
600032,1,6.040527105331421,200,True,ground detail opened
917923,4,3.8853187561035156,200,True,ground detail opened
917923,4,6.255505084991455,200,True,ground detail opened
771473,5,5.733205795288086,200,True,LV input
917923,4,7.920078277587891,200,True,ground detail opened
600032,1,8.062450885772705,200,True,ground detail opened
917923,4,9.89141297340393,200,True,ground detail opened
600032,1,6.719717979431152,200,True,ground detail opened
917923,4,3.867086887359619,200,True,ground detail opened
917923,4,3.177443027496338,200,True,ground detail opened
771473,5,5.601486921310425,200,True,ground detail opened
663409,5,10.528013944625854,200,True,first page loading
917923,4,2.69321608543396,200,True,ground detail opened
917923,4,6.0893449783325195,200,True,ground detail opened
600032,1,6.522175073623657,200,True,ground detail opened
917923,9,26.146607160568237,200,True,LV input
600032,1,2.355294942855835,200,True,operation detail opened
600032,1,2.81754994392395,200,True,ground detail opened
917923,9,3.8540892601013184,200,True,ground detail opened
917923,9,5.674609899520874,200,True,ground detail opened
600032,1,8.546714067459106,200,True,ground detail opened
600032,1,3.846108913421631,200,True,ground detail opened
600032,1,4.430223226547241,200,True,ground detail opened
601756,2,22.27975106239319,200,False,LV input
917923,9,9.99445104598999,200,True,operation detail opened
600032,1,7.365163087844849,200,True,ground detail opened
600032,1,2.4556729793548584,200,True,ground detail opened
917923,4,13.635341167449951,200,True,ground detail opened
917923,9,2.250030279159546,200,True,operation detail opened
600032,1,2.3774852752685547,200,True,ground detail opened
600032,1,2.6198699474334717,200,True,ground detail opened
600032,1,2.8192050457000732,200,True,ground detail opened
917923,4,2.5869319438934326,200,True,ground detail opened
600032,1,3.044180154800415,200,True,ground detail opened
917923,4,7.522173166275024,200,True,ground detail opened
600032,1,2.3010098934173584,200,True,ground detail opened
600032,1,2.2436420917510986,200,True,ground detail opened
600032,1,11.792922973632812,200,True,ground detail opened
600032,1,15.088216066360474,200,True,operation detail opened
600032,1,3.689479112625122,200,True,ground detail opened
600032,1,7.558355808258057,200,True,ground detail opened
663409,3,2.89845609664917,200,True,LV input
600032,1,3.7926347255706787,200,True,ground detail opened
600032,1,7.383372068405151,200,True,ground detail opened
600032,1,3.1113359928131104,200,True,ground detail opened
663409,3,4.336280107498169,200,True,ground detail opened
600032,1,6.89765477180481,200,True,ground detail opened
600032,1,21.929412841796875,200,True,ground detail opened
917923,4,22.138710021972656,200,True,ground detail opened
663409,3,7.685871124267578,200,True,ground detail opened
600032,1,3.288121223449707,200,True,ground detail opened
600075,1,8.142812013626099,200,True,KU input
663409,3,9.500923871994019,200,True,ground detail opened
600075,1,1.404881238937378,200,False,LV input
663409,3,5.269812822341919,200,True,ground detail opened
600032,1,8.178668975830078,200,True,ground detail opened
600032,1,3.779998779296875,200,True,ground detail opened
663409,3,2.2253658771514893,200,True,ground detail opened
917923,4,5.9869163036346436,200,True,ground detail opened
663409,3,13.088660955429077,200,True,ground detail opened
917923,4,6.2863991260528564,200,True,ground detail opened
600032,1,13.382892847061157,200,True,ground detail opened
917923,4,5.745329141616821,200,True,ground detail opened
600083,8,31.111790895462036,200,True,first page loading
600032,1,2.1707510948181152,200,True,ground detail opened
917923,4,83.35967206954956,200,True,ground detail opened
663409,3,2.8248090744018555,200,True,ground detail opened
917923,4,2.8871798515319824,200,True,ground detail opened
600032,1,7.020531892776489,200,True,ground detail opened
663409,3,5.076843023300171,200,True,ground detail opened
917923,4,3.0155930519104004,200,True,ground detail opened
600032,1,7.221290111541748,200,True,ground detail opened
663409,3,20.142625093460083,200,True,ground detail opened
663409,3,15.813482999801636,200,True,ground detail opened
917923,4,3.6700830459594727,200,True,ground detail opened
663409,3,3.281920909881592,200,True,ground detail opened
917923,4,13.642804861068726,200,True,ground detail opened
600032,1,16.71509623527527,200,True,ground detail opened
663409,3,1.7362539768218994,200,True,ground detail opened
771473,5,7.151926040649414,200,True,ground detail opened
600032,1,6.5379650592803955,200,True,ground detail opened
917923,4,11.670629024505615,200,True,ground detail opened
600032,1,6.476554870605469,200,True,ground detail opened
917923,4,12.551976919174194,200,True,ground detail opened
663409,3,26.482813119888306,200,True,ground detail opened
600032,1,4.449916124343872,200,True,ground detail opened
917923,4,9.31177806854248,200,True,ground detail opened
702919,6,5.7858381271362305,200,True,KU input
663409,3,9.63929295539856,200,True,ground detail opened
663409,3,11.348058700561523,200,True,ground detail opened
663409,3,14.904294967651367,200,True,ground detail opened
917923,4,23.23165202140808,200,True,ground detail opened
600032,1,6.3202691078186035,200,True,ground detail opened
600032,1,4.419220924377441,200,True,ground detail opened
917923,4,21.672860145568848,200,True,ground detail opened
600032,1,5.9493889808654785,200,True,ground detail opened
600032,1,7.904231786727905,200,True,ground detail opened
691003,8,10.674484968185425,200,False,LV input
600032,1,4.462677955627441,200,True,ground detail opened
600032,1,4.537216901779175,200,True,ground detail opened
917923,9,7.515413045883179,200,True,ground detail opened
917923,4,14.129244089126587,200,True,ground detail opened
600032,1,3.576920747756958,200,True,ground detail opened
917923,4,4.151965856552124,200,True,ground detail opened
600032,1,4.709075927734375,200,True,ground detail opened
917923,4,3.5976109504699707,200,True,ground detail opened
600032,1,8.946438074111938,200,True,ground detail opened
917923,4,3.9309818744659424,200,True,ground detail opened
600032,1,92.43063807487488,200,True,ground detail opened
917923,4,4.900227069854736,200,True,ground detail opened
917923,9,11.408281087875366,200,True,ground detail opened
600032,1,2.946704864501953,200,True,ground detail opened
917923,4,3.2548909187316895,200,True,ground detail opened
600032,1,5.1115031242370605,200,True,ground detail opened
600083,2,5.6393492221832275,200,False,LV input
917923,4,3.9203107357025146,200,True,ground detail opened
600032,1,2.067439079284668,200,True,ground detail opened
600032,1,84.7190957069397,200,True,ground detail opened
600032,1,22.282227993011475,200,True,ground detail opened
600032,1,3.947638750076294,200,True,ground detail opened
600032,1,2.584578037261963,200,True,ground detail opened
917923,9,22.52449321746826,200,True,operation detail opened
600032,1,3.7574946880340576,200,True,ground detail opened
600075,9,1.030405044555664,200,True,KU input
917923,4,9.273941040039062,200,True,ground detail opened
600032,1,1.6516969203948975,200,True,ground detail opened
600032,1,3.6663410663604736,200,True,ground detail opened
600032,1,4.531987905502319,200,True,ground detail opened
600032,1,32.40831685066223,200,True,ground detail opened
600032,1,2.228332042694092,200,True,ground detail opened
600032,1,1.9066519737243652,200,True,operation detail opened
917923,4,70.16300511360168,200,True,ground detail opened
600083,9,7.861047029495239,200,True,KU input
600032,1,2.272042989730835,200,True,ground detail opened
600032,1,6.7902703285217285,200,True,ground detail opened
600032,1,9.050646781921387,200,True,ground detail opened
917923,4,17.657747983932495,200,True,ground detail opened
663409,3,5.057028293609619,200,True,ground detail opened
600032,1,4.446790933609009,200,True,ground detail opened
600032,1,5.38609504699707,200,True,ground detail opened
917923,4,2.256885051727295,200,True,ground detail opened
663409,3,5.591918706893921,200,True,ground detail opened
600032,1,3.5911941528320312,200,True,ground detail opened
917923,4,3.5976450443267822,200,True,ground detail opened
663409,3,1.9880237579345703,200,True,ground detail opened
917923,4,2.9491941928863525,200,True,ground detail opened
600032,1,12.696662902832031,200,True,ground detail opened
600032,1,4.25173807144165,200,True,operation detail opened
600032,1,11.098648071289062,200,True,operation detail opened
917923,4,3.5948171615600586,200,True,ground detail opened
600032,1,2.1782631874084473,200,True,ground detail opened
663409,3,2.3310940265655518,200,True,ground detail opened
917923,4,5.254406213760376,200,True,ground detail opened
600032,1,2.23309588432312,200,True,ground detail opened
917923,4,2.2054288387298584,200,True,ground detail opened
663409,3,11.13266897201538,200,True,ground detail opened
917923,4,3.2535219192504883,200,True,ground detail opened
600032,1,3.0488269329071045,200,True,ground detail opened
600032,1,3.738140106201172,200,True,ground detail opened
917923,4,3.199470043182373,200,True,ground detail opened
600032,1,3.7148351669311523,200,True,ground detail opened
663409,3,1.8506348133087158,200,True,ground detail opened
917923,4,8.233220100402832,200,True,ground detail opened
600032,1,3.820816993713379,200,True,ground detail opened
917923,4,8.798638820648193,200,True,ground detail opened
600032,1,3.1516971588134766,200,True,ground detail opened
917923,4,5.652511119842529,200,True,ground detail opened
600083,8,13.170569896697998,200,True,KU input
917923,4,3.606583833694458,200,True,ground detail opened
600032,1,1.8320660591125488,200,True,ground detail opened
600083,8,1.2911627292633057,200,False,LV input
917923,4,2.7479989528656006,200,True,ground detail opened
600032,1,15.73737120628357,200,True,ground detail opened
917923,4,3.1001410484313965,200,True,ground detail opened
600032,1,5.737363815307617,200,True,ground detail opened
917923,4,5.478150129318237,200,True,ground detail opened
600032,1,3.118340253829956,200,True,ground detail opened
600032,1,6.435979127883911,200,True,ground detail opened
663409,5,2.123185873031616,200,True,KU input
600032,1,5.322554111480713,200,True,ground detail opened
917923,4,2.199671983718872,200,True,ground detail opened
600032,1,1.5551209449768066,200,True,ground detail opened
600032,1,6.818540096282959,200,True,ground detail opened
600032,1,1.328787088394165,200,True,ground detail opened
917923,4,2.0296719074249268,200,True,ground detail opened
600032,1,76.82631707191467,200,True,ground detail opened
600032,1,1.922154188156128,200,True,ground detail opened
600032,1,2.7260286808013916,200,True,ground detail opened
917923,4,1.5622611045837402,200,True,ground detail opened
663409,5,0.5819277763366699,200,False,LV input
600032,1,4.433461904525757,200,True,ground detail opened
917923,4,1.8246090412139893,200,True,ground detail opened
600032,1,13.928526878356934,200,True,ground detail opened
917923,4,2.730907917022705,200,True,ground detail opened
600032,1,4.529308795928955,200,True,ground detail opened
917923,4,19.379115104675293,200,True,ground detail opened
600032,1,6.848519802093506,200,True,ground detail opened
917923,4,5.022802829742432,200,True,ground detail opened
600032,1,4.473406076431274,200,True,ground detail opened
917923,4,3.3421521186828613,200,True,ground detail opened
600032,1,12.343828916549683,200,True,ground detail opened
917923,4,8.943861961364746,200,True,ground detail opened
601756,7,0.5026068687438965,200,True,first page loading
917923,4,2.6453428268432617,200,True,ground detail opened
600032,1,8.58296012878418,200,True,ground detail opened
600032,1,11.89841890335083,200,True,ground detail opened
917923,4,7.3612048625946045,200,True,ground detail opened
600032,1,5.958066940307617,200,True,ground detail opened
917923,4,1.3046760559082031,200,True,ground detail opened
600032,1,9.013819932937622,200,True,ground detail opened
917923,4,1.8082740306854248,200,True,ground detail opened
600032,1,5.311686992645264,200,True,ground detail opened
917923,4,4.697474956512451,200,True,ground detail opened
600032,1,14.771188974380493,200,True,ground detail opened
917923,4,2.7386579513549805,200,True,ground detail opened
600032,1,17.78803825378418,200,True,ground detail opened
917923,4,2.936711072921753,200,True,ground detail opened
917923,4,2.5442371368408203,200,True,ground detail opened
600032,1,16.48829483985901,200,True,ground detail opened
600032,1,9.82914400100708,200,True,ground detail opened
917923,4,3.3524341583251953,200,True,ground detail opened
600032,1,10.59490418434143,200,True,ground detail opened
600032,1,18.25332999229431,200,True,ground detail opened
663409,3,3.7577688694000244,200,True,ground detail opened
917923,4,4.957517147064209,200,True,ground detail opened
600032,1,5.184674978256226,200,True,ground detail opened
917923,4,4.184334993362427,200,True,ground detail opened
600032,1,7.704149007797241,200,True,ground detail opened
917923,4,3.0156900882720947,200,True,ground detail opened
600032,1,13.30056095123291,200,True,ground detail opened
917923,4,3.468891143798828,200,True,ground detail opened
917923,4,1.9707703590393066,200,True,ground detail opened
600032,1,2.010749101638794,200,True,ground detail opened
917923,4,1.583265781402588,200,True,ground detail opened
917923,4,1.754206895828247,200,True,ground detail opened
600032,1,2.039537191390991,200,True,ground detail opened
917923,4,33.36582803726196,200,True,ground detail opened
917923,4,3.1149792671203613,200,True,ground detail opened
600032,1,3.725802183151245,200,True,ground detail opened
600032,1,2.8784327507019043,200,True,ground detail opened
917923,4,2.1841249465942383,200,True,ground detail opened
600032,1,2.046036958694458,200,True,operation detail opened
917923,4,2.8284618854522705,200,True,ground detail opened
917923,4,3.0672080516815186,200,True,ground detail opened
917923,4,3.00626802444458,200,True,ground detail opened
917923,4,5.3019700050354,200,True,ground detail opened
663409,3,3.3525638580322266,200,True,ground detail opened
917923,4,5.712980031967163,200,True,ground detail opened
600032,1,1.670212745666504,200,True,ground detail opened
917923,4,6.220122814178467,200,True,ground detail opened
917923,4,3.342736005783081,200,True,ground detail opened
917923,4,6.270442008972168,200,True,ground detail opened
917923,4,9.08690881729126,200,True,ground detail opened
702919,6,4.654386758804321,200,True,LV input
917923,4,6.828701972961426,200,True,ground detail opened
600075,3,11.718172073364258,200,True,KU input
917923,4,3.392651081085205,200,True,ground detail opened
600032,1,2.520915985107422,200,True,ground detail opened
702919,6,2.9185309410095215,200,True,ground detail opened
702919,6,5.17477822303772,200,True,ground detail opened
917923,4,4.824006080627441,200,True,ground detail opened
917923,4,10.783529996871948,200,True,ground detail opened
702919,6,3.720705032348633,200,True,ground detail opened
917923,4,2.4765512943267822,200,True,ground detail opened
917923,4,1.737417221069336,200,True,ground detail opened
702919,6,10.385908126831055,200,True,ground detail opened
702919,6,11.91293215751648,200,True,ground detail opened
702919,6,13.17871904373169,200,True,ground detail opened
702919,6,15.021152973175049,200,True,ground detail opened
600032,1,4.842503309249878,200,True,operation detail opened
917923,4,14.952441930770874,200,True,ground detail opened
702919,6,18.13624405860901,200,True,ground detail opened
702919,6,1.9717741012573242,200,True,ground detail opened
663409,3,40.714252948760986,200,True,ground detail opened
917923,4,2.5295839309692383,200,True,ground detail opened
702919,6,12.240082025527954,200,True,ground detail opened
917923,4,2.6562061309814453,200,True,ground detail opened
702919,6,2.139616012573242,200,True,ground detail opened
702919,6,2.558155059814453,200,True,ground detail opened
917923,4,3.0313942432403564,200,True,ground detail opened
702919,6,8.755926847457886,200,True,ground detail opened
917923,4,2.808840036392212,200,True,ground detail opened
600032,1,1.899643898010254,200,True,ground detail opened
917923,9,21.150799036026,200,True,operation detail opened
917923,4,2.074799060821533,200,True,ground detail opened
702919,6,7.632624864578247,200,True,ground detail opened
702919,9,15.423967838287354,200,True,KU input
702919,9,2.1970808506011963,200,False,LV input
600083,9,0.849877119064331,200,False,LV input
917923,4,2.823044776916504,200,True,ground detail opened
917923,4,3.312262773513794,200,True,ground detail opened
917923,4,4.321656942367554,200,True,ground detail opened
600032,1,3.301011085510254,200,True,ground detail opened
702919,6,10.899847030639648,200,True,ground detail opened
917923,4,3.406303882598877,200,True,ground detail opened
917923,4,3.756160020828247,200,True,ground detail opened
702919,6,2.3644638061523438,200,True,ground detail opened
917923,4,5.804800033569336,200,True,ground detail opened
917923,4,1.9371998310089111,200,True,ground detail opened
702919,6,2.089614152908325,200,True,ground detail opened
917923,4,1.6352910995483398,200,True,ground detail opened
917923,4,5.35484504699707,200,True,ground detail opened
917923,4,3.7377710342407227,200,True,ground detail opened
702919,6,26.53343415260315,200,True,ground detail opened
917923,4,2.0442609786987305,200,True,ground detail opened
917923,4,6.377964019775391,200,True,ground detail opened
917923,4,4.671403884887695,200,True,ground detail opened
917923,4,3.1698548793792725,200,True,ground detail opened
917923,4,3.2227890491485596,200,True,ground detail opened
917923,4,5.209087133407593,200,True,ground detail opened
917923,4,2.7221858501434326,200,True,ground detail opened
663409,3,5.789984941482544,200,True,ground detail opened
917923,4,1.6173300743103027,200,True,ground detail opened
702919,6,1.8944458961486816,200,True,ground detail opened
917923,4,6.010185241699219,200,True,ground detail opened
702919,6,3.5169925689697266,200,True,ground detail opened
917923,4,5.43588924407959,200,True,ground detail opened
702919,6,6.442385911941528,200,True,ground detail opened
917923,4,30.551723957061768,200,True,ground detail opened
917923,4,14.119866132736206,200,True,ground detail opened
702919,6,1.3967008590698242,200,True,ground detail opened
917923,4,8.092908143997192,200,True,ground detail opened
702919,6,5.664422035217285,200,True,ground detail opened
917923,4,7.299094915390015,200,True,ground detail opened
917923,4,3.6499083042144775,200,True,ground detail opened
917923,4,1.9092888832092285,200,True,ground detail opened
917923,4,5.289679288864136,200,True,ground detail opened
917923,4,11.38927173614502,200,True,ground detail opened
917923,4,5.247023105621338,200,True,ground detail opened
917923,4,10.478399991989136,200,True,ground detail opened
702919,6,1.7223620414733887,200,True,ground detail opened
917923,4,5.618986129760742,200,True,ground detail opened
600032,1,74.47593092918396,200,True,ground detail opened
917923,4,12.164479970932007,200,True,ground detail opened
702919,6,2.1489758491516113,200,True,ground detail opened
917923,4,7.473358869552612,200,True,ground detail opened
917923,4,13.693650007247925,200,True,ground detail opened
601756,7,3.892157793045044,200,True,KU input
917923,4,2.857503890991211,200,True,ground detail opened
917923,4,23.28596305847168,200,True,ground detail opened
917923,4,2.506227970123291,200,True,ground detail opened
917923,4,10.509696960449219,200,True,ground detail opened
917923,4,8.800849199295044,200,True,ground detail opened
917923,4,16.32435703277588,200,True,ground detail opened
917923,4,13.514350891113281,200,True,ground detail opened
702919,6,2.7359941005706787,200,True,ground detail opened
917923,4,26.118798971176147,200,True,ground detail opened
917923,4,3.8255980014801025,200,True,ground detail opened
917923,4,8.58639407157898,200,True,ground detail opened
917923,4,3.144550085067749,200,True,ground detail opened
917923,4,3.004197835922241,200,True,ground detail opened
917923,4,12.507601737976074,200,True,ground detail opened
917923,4,6.942486047744751,200,True,ground detail opened
917923,4,8.907325029373169,200,True,ground detail opened
600032,1,22.07535409927368,200,True,ground detail opened
917923,4,1.848228931427002,200,True,ground detail opened
917923,4,2.04341197013855,200,True,ground detail opened
702919,6,18.850183963775635,200,True,ground detail opened
917923,4,2.306859016418457,200,True,ground detail opened
917923,4,3.8904120922088623,200,True,ground detail opened
702919,6,1.8699531555175781,200,True,ground detail opened
702919,6,3.713620901107788,200,True,ground detail opened
702919,6,9.108176946640015,200,True,ground detail opened
917923,4,1.4430930614471436,200,True,ground detail opened
917923,4,3.121201992034912,200,True,ground detail opened
702919,6,12.390305995941162,200,True,ground detail opened
917923,4,4.323911905288696,200,True,ground detail opened
917923,4,2.2298858165740967,200,True,ground detail opened
702919,6,9.2796049118042,200,True,ground detail opened
702919,6,13.0260329246521,200,True,ground detail opened
917923,4,2.113585948944092,200,True,ground detail opened
917923,4,2.286407947540283,200,True,ground detail opened
917923,4,2.2558350563049316,200,True,ground detail opened
663409,3,6.756216049194336,200,True,ground detail opened
600075,3,14.460201025009155,200,False,LV input
601756,7,4.672390937805176,200,True,LV input
601756,7,2.4460582733154297,200,True,ground detail opened
